
          <ONIXMessage release="3.0" xmlns="http://ns.editeur.org/onix/3.0/reference">
            <Header>
              <Sender>
                <SenderName>Bookdatasolutions</SenderName>
                <EmailAddress>support@bookdatasolutions.com</EmailAddress>
              </Sender>
              <SentDateTime>20220220T1718Z</SentDateTime>
              <MessageNote>Generated by Bookdatasolutions.com</MessageNote>
              <DefaultLanguageOfText>eng</DefaultLanguageOfText>
            </Header>
            <Product><RecordReference>com.globalbookinfo.onix.01734529</RecordReference><NotificationType>03</NotificationType><RecordSourceType>04</RecordSourceType><RecordSourceIdentifier><RecordSourceIDType>06</RecordSourceIDType><IDValue>0614141800001</IDValue></RecordSourceIdentifier><RecordSourceName>Global Bookinfo</RecordSourceName><ProductIdentifier><ProductIDType>03</ProductIDType><IDValue>9780007232833</IDValue></ProductIdentifier><ProductIdentifier><ProductIDType>15</ProductIDType><IDValue>9780007232833</IDValue></ProductIdentifier><DescriptiveDetail><ProductComposition>00</ProductComposition><ProductForm>BC</ProductForm><ProductFormDetail>B105</ProductFormDetail><Measure><MeasureType>01</MeasureType><Measurement>197</Measurement><MeasureUnitCode>mm</MeasureUnitCode></Measure><Measure><MeasureType>02</MeasureType><Measurement>130</Measurement><MeasureUnitCode>mm</MeasureUnitCode></Measure><Measure><MeasureType>03</MeasureType><Measurement>18</Measurement><MeasureUnitCode>mm</MeasureUnitCode></Measure><Measure><MeasureType>08</MeasureType><Measurement>195</Measurement><MeasureUnitCode>gr</MeasureUnitCode></Measure><CountryOfManufacture>GB</CountryOfManufacture><ProductClassification><ProductClassificationType>03</ProductClassificationType><ProductClassificationCode>49019900</ProductClassificationCode></ProductClassification><Collection><CollectionType>10</CollectionType><TitleDetail><TitleType>01</TitleType><TitleElement><SequenceNumber>2</SequenceNumber><TitleElementLevel>02</TitleElementLevel><TitlePrefix>The</TitlePrefix><TitleWithoutPrefix>Martin Beck series</TitleWithoutPrefix></TitleElement><TitleElement><SequenceNumber>3</SequenceNumber><TitleElementLevel>01</TitleElementLevel><PartNumber>1</PartNumber></TitleElement></TitleDetail></Collection><TitleDetail><TitleType>01</TitleType><TitleElement><TitleElementLevel>01</TitleElementLevel><TitleText>Roseanna</TitleText></TitleElement></TitleDetail><Contributor><SequenceNumber>1</SequenceNumber><ContributorRole>A01</ContributorRole><NameIdentifier><NameIDType>01</NameIDType><IDTypeName>HCP Author ID</IDTypeName><IDValue>7421</IDValue></NameIdentifier><NameIdentifier><NameIDType>16</NameIDType><IDValue>0000000121479135</IDValue></NameIdentifier><NamesBeforeKey>Maj</NamesBeforeKey><KeyNames>Sjöwall</KeyNames><BiographicalNote><p><strong>Maj Sjöwall</strong> wasborn in Stockholm in 1935. She is a poet, novelist andtranslator, and is best known for the ten <cite>MartinBeck</cite> novels she wrote with husband PerWahlöö.</p></BiographicalNote></Contributor><Contributor><SequenceNumber>2</SequenceNumber><ContributorRole>A01</ContributorRole><NameIdentifier><NameIDType>01</NameIDType><IDTypeName>HCP Author ID</IDTypeName><IDValue>7422</IDValue></NameIdentifier><NameIdentifier><NameIDType>16</NameIDType><IDValue>0000000121222604</IDValue></NameIdentifier><NamesBeforeKey>Per</NamesBeforeKey><KeyNames>Wahlöö</KeyNames><BiographicalNote><p><strong>Per Wahlöö</strong> was bornin Göteborg. After graduating from the University ofLund in 1946, he worked as a journalist, coveringcriminal and social issues for a number of newspapersand magazines. In the 1950s, Wahlöö became involvedwith radical political causes, activities that resultedin his deportation from Franco’s Spain in 1957. Afterreturning to Sweden, he wrote a number of televisionand radio plays, and was managing editor of severalmagazines, before becoming a full-time writer.</p><p>Heis best known for the series of ten <cite>MartinBeck</cite> novels he wrote with wife Maj Sjöwall,which they completed immediately before his death in1975.</p></BiographicalNote></Contributor><Contributor><SequenceNumber>3</SequenceNumber><ContributorRole>B06</ContributorRole><FromLanguage>swe</FromLanguage><NameIdentifier><NameIDType>01</NameIDType><IDTypeName>HCP Author ID</IDTypeName><IDValue>11150</IDValue></NameIdentifier><NamesBeforeKey>Lois</NamesBeforeKey><KeyNames>Roth</KeyNames></Contributor><Contributor><SequenceNumber>4</SequenceNumber><ContributorRole>A24</ContributorRole><NameIdentifier><NameIDType>01</NameIDType><IDTypeName>HCP Author ID</IDTypeName><IDValue>11151</IDValue></NameIdentifier><NameIdentifier><NameIDType>16</NameIDType><IDValue>0000000122824957</IDValue></NameIdentifier><NamesBeforeKey>Henning</NamesBeforeKey><KeyNames>Mankell</KeyNames></Contributor><ContributorStatement>By Maj Sjöwall and PerWahlöö, translated by Lois Roth and with anintroduction by Henning Mankell</ContributorStatement><EditionType>NED</EditionType><Language><LanguageRole>01</LanguageRole><LanguageCode>eng</LanguageCode></Language><Language><LanguageRole>01</LanguageRole><LanguageCode>swe</LanguageCode></Language><Extent><ExtentType>00</ExtentType><ExtentValue>245</ExtentValue><ExtentUnit>03</ExtentUnit></Extent><Extent><ExtentType>04</ExtentType><ExtentValue>16</ExtentValue><ExtentUnit>03</ExtentUnit></Extent><Subject><SubjectSchemeIdentifier>93</SubjectSchemeIdentifier><SubjectSchemeVersion>1.3</SubjectSchemeVersion><SubjectCode>FFP</SubjectCode></Subject><Subject><SubjectSchemeIdentifier>94</SubjectSchemeIdentifier><SubjectSchemeVersion>1.3</SubjectSchemeVersion><SubjectCode>FYT</SubjectCode></Subject><Subject><SubjectSchemeIdentifier>94</SubjectSchemeIdentifier><SubjectSchemeVersion>1.3</SubjectSchemeVersion><SubjectCode>1DNS</SubjectCode></Subject><Subject><SubjectSchemeIdentifier>96</SubjectSchemeIdentifier><SubjectSchemeVersion>1.3</SubjectSchemeVersion><SubjectCode>3MPQS</SubjectCode></Subject><Subject><SubjectSchemeIdentifier>10</SubjectSchemeIdentifier><SubjectSchemeVersion>2017</SubjectSchemeVersion><SubjectCode>FIC022000</SubjectCode></Subject><Subject><SubjectSchemeIdentifier>20</SubjectSchemeIdentifier><SubjectHeadingText>Martin Beck; RoseannaMcGraw; Lake Vättern; Stockholm; police procedural</SubjectHeadingText></Subject><Audience><AudienceCodeType>01</AudienceCodeType><AudienceCodeValue>01</AudienceCodeValue></Audience><Audience><AudienceCodeType>22</AudienceCodeType><AudienceCodeValue>01</AudienceCodeValue></Audience><AudienceRange><AudienceRangeQualifier>17</AudienceRangeQualifier><AudienceRangePrecision>03</AudienceRangePrecision><AudienceRangeValue>18</AudienceRangeValue></AudienceRange><AudienceRange><AudienceRangeQualifier>17</AudienceRangeQualifier><AudienceRangePrecision>04</AudienceRangePrecision><AudienceRangeValue>100</AudienceRangeValue></AudienceRange><Complexity><ComplexitySchemeIdentifier>06</ComplexitySchemeIdentifier><ComplexityCode>1000L</ComplexityCode></Complexity></DescriptiveDetail><CollateralDetail><TextContent><TextType>02</TextType><ContentAudience>00</ContentAudience><Text><p><strong>Perennialrelaunches the first novel in the classic Martin Beckdetective series from the 1960s</strong> – the novelsthat have inspired all crime fiction written eversince.</p></Text></TextContent><TextContent><TextType>03</TextType><ContentAudience>00</ContentAudience><Text><p>Widely recognized asthe among the greatest crime fiction ever written, thisis the first of a series of stories that pioneered thepolice procedural genre. The series was translated into35 languages, sold over 10 million copies around theworld, and inspired writers from Henning Mankell toJonathan Franzen.</p><p>Written in 1965,<cite>Roseanna</cite> is the work of Maj Sjöwall andPer Wahlöö – a husband and wife team from Sweden, andthis volume has a new introduction to help bring theirwork to a new audience. The novel follows the fortunesof the detective Martin Beck, whose enigmatic andtaciturn character has inspired countless otherpolicemen in crime fiction.</p><p><cite>Roseanna</cite>begins on a July afternoon: the body of a young womanis dredged from a canal near Sweden’s beautiful LakeVättern. Three months later, all that Police InspectorMartin Beck knows is that her name is Roseanna, thatshe came from Lincoln, Nebraska, and that she couldhave been strangled by any one of eighty-fivepeople.</p><p>With its authentically rendered settingsand vividly realized characters, and its command overthe intricately woven details of police detection,<cite>Roseanna</cite> is a masterpiece of suspense andsadness.</p></Text></TextContent><TextContent><TextType>06</TextType><ContentAudience>00</ContentAudience><Text><p>‘The writing iselegant and surprisingly humorous – if you haven’t comeacross Beck before, you’re in for a treat.’</p></Text><SourceTitle>The Guardian</SourceTitle></TextContent><TextContent><TextType>06</TextType><ContentAudience>00</ContentAudience><Text><p>‘Their mysteries don’tjust read well; they reread even better. Witness, wife,petty cop or crook – they’re all real characters evenif they get just a few sentences. The plots hold,because they’re ingenious but never inhuman.’</p></Text><SourceTitle>New York Times</SourceTitle></TextContent><TextContent><TextType>10</TextType><ContentAudience>00</ContentAudience><Text>One of the greatest masterpieces of crimefiction</Text></TextContent><CitedContent><CitedContentType>03</CitedContentType><ContentAudience>00</ContentAudience><SourceType>01</SourceType><SourceTitle>Observer Magazine</SourceTitle><CitationNote>Interview with Maj Sjöwall byLouise France</CitationNote><ResourceLink>http://www.guardian.co.uk/books/2009/nov/22/crime-thriller-maj-sjowall-sweden</ResourceLink><ContentDate><ContentDateRole>01</ContentDateRole><Date>20091122</Date></ContentDate></CitedContent><SupportingResource><ResourceContentType>01</ResourceContentType><ContentAudience>00</ContentAudience><ResourceMode>03</ResourceMode><ResourceVersion><ResourceForm>02</ResourceForm><ResourceVersionFeature><ResourceVersionFeatureType>01</ResourceVersionFeatureType><FeatureValue>D502</FeatureValue></ResourceVersionFeature><ResourceVersionFeature><ResourceVersionFeatureType>02</ResourceVersionFeatureType><FeatureValue>341</FeatureValue></ResourceVersionFeature><ResourceVersionFeature><ResourceVersionFeatureType>03</ResourceVersionFeatureType><FeatureValue>222</FeatureValue></ResourceVersionFeature><ResourceLink>http://www.harpercollins.co.uk/covers/9780007232833.jpg</ResourceLink><ContentDate><ContentDateRole>17</ContentDateRole><Date>20060412</Date></ContentDate></ResourceVersion></SupportingResource><SupportingResource><ResourceContentType>15</ResourceContentType><ContentAudience>00</ContentAudience><ResourceMode>06</ResourceMode><ResourceVersion><ResourceForm>01</ResourceForm><ResourceLink>http://browseinside.harpercollins.co.uk/pageview?isbn=9780007232833covers/9780007232833.jpg</ResourceLink></ResourceVersion></SupportingResource></CollateralDetail><PublishingDetail><Imprint><ImprintIdentifier><ImprintIDType>01</ImprintIDType><IDTypeName>Harper Vendor Code</IDTypeName><IDValue>HRPR</IDValue></ImprintIdentifier><ImprintName>HarperPerennial</ImprintName></Imprint><Publisher><PublishingRole>01</PublishingRole><PublisherIdentifier><PublisherIDType>16</PublisherIDType><IDTypeName>Harper ISNI Umber</IDTypeName><IDValue>0000000404222532</IDValue></PublisherIdentifier><PublisherName>HarperCollins Publishers</PublisherName><Website><WebsiteRole>01</WebsiteRole><WebsiteLink>http://www.harpercollins.co.uk</WebsiteLink></Website></Publisher><CityOfPublication>London</CityOfPublication><CountryOfPublication>GB</CountryOfPublication><PublishingStatus>04</PublishingStatus><PublishingDate><PublishingDateRole>01</PublishingDateRole><Date>20060807</Date></PublishingDate><PublishingDate><PublishingDateRole>11</PublishingDateRole><Date>1968</Date></PublishingDate><PublishingDate><PublishingDateRole>20</PublishingDateRole><Date>1965</Date></PublishingDate><CopyrightStatement><CopyrightType>C</CopyrightType><CopyrightYear>2006</CopyrightYear><CopyrightOwner><CorporateName>HarperCollins</CorporateName></CopyrightOwner></CopyrightStatement><SalesRights><SalesRightsType>01</SalesRightsType><Territory><CountriesIncluded>AG AI AU BB BD BM BN BS BWBZ CM CY DM EG FJ FK GB GD GG GH GI GM GY HK IE IL IMIN IO JE JM JO KE KI KN KW KY LC LK LS MT MU MV MW MYMZ NA NG NR NZ PG PK PN SB SC SD SG SH SL SO SZ TC TOTT TV TZ UG VC VG VU WS YE RS ME ZA ZM ZW</CountriesIncluded></Territory></SalesRights><SalesRights><SalesRightsType>06</SalesRightsType><Territory><CountriesIncluded>AS CA GU MP PH PR US VI</CountriesIncluded></Territory></SalesRights><SalesRights><SalesRightsType>02</SalesRightsType><Territory><RegionsIncluded>WORLD</RegionsIncluded><CountriesExcluded>AG AI AU BB BD BM BN BS BWBZ CM CY DM EG FJ FK GB GD GG GH GI GM GY HK IE IL IMIN IO JE JM JO KE KI KN KW KY LC LK LS MT MU MV MW MYMZ NA NG NR NZ PG PK PN SB SC SD SG SH SL SO SZ TC TOTT TV TZ UG VC VG VU WS YE RS ME ZA ZM ZW AS CA GU MPPH PR US VI</CountriesExcluded></Territory></SalesRights></PublishingDetail><RelatedMaterial><RelatedWork><WorkRelationCode>01</WorkRelationCode><WorkIdentifier><WorkIDType>11</WorkIDType><IDValue>A0220090000154FA</IDValue></WorkIdentifier></RelatedWork><RelatedProduct><ProductRelationCode>06</ProductRelationCode><ProductRelationCode>27</ProductRelationCode><ProductIdentifier><ProductIDType>03</ProductIDType><IDValue>9780007324378</IDValue></ProductIdentifier><ProductIdentifier><ProductIDType>15</ProductIDType><IDValue>9780007324378</IDValue></ProductIdentifier></RelatedProduct></RelatedMaterial><ProductSupply><Market><Territory><RegionsIncluded>WORLD</RegionsIncluded><CountriesExcluded>AS AU CA GU MP NZ PH PR USVI ZA</CountriesExcluded></Territory></Market><MarketPublishingDetail><MarketPublishingStatus>04</MarketPublishingStatus><MarketDate><MarketDateRole>01</MarketDateRole><Date>20060807</Date></MarketDate></MarketPublishingDetail><SupplyDetail><Supplier><SupplierRole>01</SupplierRole><SupplierIdentifier><SupplierIDType>06</SupplierIDType><IDValue>5051366000000</IDValue></SupplierIdentifier><SupplierIdentifier><SupplierIDType>07</SupplierIDType><IDValue>0091073</IDValue></SupplierIdentifier><SupplierName>HarperCollins Publishers</SupplierName><TelephoneNumber>44 1417 723200</TelephoneNumber></Supplier><ReturnsConditions><ReturnsCodeType>04</ReturnsCodeType><ReturnsCode>03</ReturnsCode></ReturnsConditions><ProductAvailability>21</ProductAvailability><PackQuantity>16</PackQuantity><Price><PriceType>01</PriceType><PriceQualifier>05</PriceQualifier><DiscountCoded><DiscountCodeType>01</DiscountCodeType><DiscountCodeTypeName>BIC discount group code</DiscountCodeTypeName><DiscountCode>AHACP029</DiscountCode></DiscountCoded><PriceStatus>02</PriceStatus><PriceAmount>7.99</PriceAmount><Tax><TaxType>01</TaxType><TaxRateCode>Z</TaxRateCode><TaxRatePercent>0</TaxRatePercent><TaxableAmount>7.99</TaxableAmount><TaxAmount>0</TaxAmount></Tax><CurrencyCode>GBP</CurrencyCode><Territory><CountriesIncluded>GB</CountriesIncluded><RegionsExcluded>WORLD</RegionsExcluded></Territory><PrintedOnProduct>02</PrintedOnProduct><PositionOnProduct>01</PositionOnProduct></Price><Price><PriceType>01</PriceType><Discount><DiscountPercent>37.5</DiscountPercent></Discount><PriceStatus>02</PriceStatus><PriceAmount>8.99</PriceAmount><CurrencyCode>EUR</CurrencyCode><Territory><CountriesIncluded>AT BE CY FI FR DE ES GRIE IT LU MT NL PT SI SK AD MC ME SM VA</CountriesIncluded></Territory><PrintedOnProduct>01</PrintedOnProduct></Price><Price><PriceType>01</PriceType><Discount><DiscountPercent>42.5</DiscountPercent></Discount><PriceStatus>02</PriceStatus><PriceAmount>7.99</PriceAmount><CurrencyCode>GBP</CurrencyCode><Territory><RegionsIncluded>WORLD</RegionsIncluded><CountriesExcluded>GB AT BE CY FI FR DE ESGR IE IT LU MT NL PT SI SK AD MC ME SM VA AS AU CA GUMP NZ PH PR US VI ZA</CountriesExcluded></Territory><PrintedOnProduct>01</PrintedOnProduct></Price></SupplyDetail></ProductSupply></Product>
          </ONIXMessage>
        